{
	"channels": [
		{
			"id": "afaea783-5d7b-4ef5-9e79-c8a61fa8f67e",
			"name": "Byte FM",
			"address": "http://bytefm.cast.addradio.de/bytefm/main/mid/stream",
			"favourite": true,
			"encoding": false
		},
		{
			"id": "0a9b9cbf-7b07-45d4-8d36-cc1b8c2dbbb3",
			"name": "egoFM",
			"address": "http://egofm--di--nacs-ais-lgc--0b--cdn.cast.addradio.de/egofm/live/aac/low/stream.aac?ar-distributor=ffa0&_art=dj0yJmlwPTkxLjEzMi4xNDUuMTE0JmlkPWljc2N4bC11cW5vbmNubWImdD0xNjcxMTAwNzQ0JnM9Nzg2NmYyOWMjZjZkMDllMWQ1M2Y3YmQ2MWE2NjU5MzhjNDMxNDJmZmI",
			"favourite": true,
			"encoding": false
		},
		{
			"id": "1b4399b8-a541-420c-a0a6-062be084743a",
			"name": "egoFM Riff",
			"address": "http://egofm--di--nacs-ais-lgc--05--cdn.cast.addradio.de/egofm/riff/mp3/high/stream.mp3?_art=dj0yJmlwPTk1LjE3OS4xMzkuMTA2JmlkPWljc2N4bC16a2c2czYzamImdD0xNjcxMDcxNjc2JnM9Nzg2NmYyOWMjNWZhNmM4Yjc3OTRkOGMzNmQwN2JmMmRkYjg2NDg1NjA",
			"favourite": true,
			"encoding": false
		},
		{
			"id": "ae89afd9-5a9a-4e58-8c2f-45fe3ae749f6",
			"name": "FM 4",
			"address": "https://orf-live.ors-shoutcast.at/fm4-q1a",
			"favourite": true,
			"encoding": false
		}
	],
	"lastplayed": {
		"id": "0a9b9cbf-7b07-45d4-8d36-cc1b8c2dbbb3",
		"name": "egoFM",
		"address": "http://egofm--di--nacs-ais-lgc--0b--cdn.cast.addradio.de/egofm/live/aac/low/stream.aac?ar-distributor=ffa0&_art=dj0yJmlwPTkxLjEzMi4xNDUuMTE0JmlkPWljc2N4bC11cW5vbmNubWImdD0xNjcxMTAwNzQ0JnM9Nzg2NmYyOWMjZjZkMDllMWQ1M2Y3YmQ2MWE2NjU5MzhjNDMxNDJmZmI",
		"encoding": false
	}
}